Primer Group,F Version,R Version,Mean PPC,Sequences matched(%)
Control_BVDV,TCAGCGAAGGCCGAAAAG,TGCTACCCCCTCCATTATGC,0.0,0.0
CDC_2019-nCoV_N1,GACCCCAAAATCAGCGAAAT,TCTGGTTACTGCCAGTTGAATCTG,0.9090909090909087,100.0
CDC_2019-nCoV_N2,TTACAAACATTGGCCGCAAA,GCGCGACATTCCGAAGAA,0.9473684210526316,100.0
CDC_2019-nCoV_N3,GGGAGCCTTGAATACACCAAAA,TGTAGCACGATTGCAGCATTG,0.97607822410148,100.0
CDC_RP,TTTGGACCTGCGAGC,GAGCGGCTGTCTCCACAAGT,0.0,0.0
Hongkong_HKU-ORF1b-nsp14,TGGGGTTTTACGGGTAACCT,AACGCGCTTAACAAAGCACTC,0.8727472527472527,99.0
Hongkong_HKU-ORF1b-nsp14,TGGGGTTTTACGGGTAACCT,AACACGCTTAACAAAGCACTC,0.8934750000000021,99.0
Hongkong_HKU-ORF1b-nsp14,TGGGGTTTTACAGGTAACCT,AACGCGCTTAACAAAGCACTC,0.94214896214896,99.0
Hongkong_HKU-ORF1b-nsp14,TGGGGTTTTACAGGTAACCT,AACACGCTTAACAAAGCACTC,0.9651225609756082,99.0
Hongkong_HKU-ORF1b-nsp14,TGGGGCTTTACGGGTAACCT,AACGCGCTTAACAAAGCACTC,0.8039097744360915,99.0
Hongkong_HKU-ORF1b-nsp14,TGGGGCTTTACGGGTAACCT,AACACGCTTAACAAAGCACTC,0.8224615384615384,99.0
Hongkong_HKU-ORF1b-nsp14,TGGGGCTTTACAGGTAACCT,AACGCGCTTAACAAAGCACTC,0.8720519246835036,99.0
Hongkong_HKU-ORF1b-nsp14,TGGGGCTTTACAGGTAACCT,AACACGCTTAACAAAGCACTC,0.8927576923076944,99.0
Paris_nCoV_IP2,ATGAGCTTAGTCCTGTTG,CTCCCTTTGTTGTGTTGT,0.9991746031746033,100.0
Paris_nCoV_IP4,GGTAACTGGTATGATTTCG,CTGGTCAAGGTTAATATAGG,0.9743589743589745,100.0
Sarbeco_E_Sarbeco,ACAGGTACGTTAATAGTTAATAGCGT,ATATTGCAGCAGTACGCACACA,0.9068633139909743,99.0
WHO_RdRP_SARSr,GTGAGATGGTCATGTGTGGCGG,CAGATGTTAAAGACACTATTAGCATA,0.8223776223776222,100.0
WHO_RdRP_SARSr,GTGAGATGGTCATGTGTGGCGG,CAGATGTTAAACACACTATTAGCATA,0.8223776223776222,100.0
WHO_RdRP_SARSr,GTGAGATGGTCATGTGTGGCGG,CAAATGTTAAAGACACTATTAGCATA,0.8380206749771969,100.0
WHO_RdRP_SARSr,GTGAGATGGTCATGTGTGGCGG,CAAATGTTAAACACACTATTAGCATA,0.8380206749771969,100.0
WHO_RdRP_SARSr,GTGAAATGGTCATGTGTGGCGG,CAGATGTTAAAGACACTATTAGCATA,0.8829431438127091,100.0
WHO_RdRP_SARSr,GTGAAATGGTCATGTGTGGCGG,CAGATGTTAAACACACTATTAGCATA,0.8829431438127091,100.0
WHO_RdRP_SARSr,GTGAAATGGTCATGTGTGGCGG,CAAATGTTAAAGACACTATTAGCATA,0.9001636661211131,100.0
WHO_RdRP_SARSr,GTGAAATGGTCATGTGTGGCGG,CAAATGTTAAACACACTATTAGCATA,0.9001636661211131,100.0
